param,mu_star,sigma,mu_star_conf
species.Chinook-Spring.outmigration_min_length,4.505688234046487,5.113071504878053,4.799076292584563
species.Chinook-Spring.migrate_fitness_L9,4.326201956041091,7.064920016283927,4.020567317547966
species.Chinook-Spring.migrate_fitness_L1,4.1917632086381555,4.849651526429197,3.5523541565408694
species.Chinook-Spring.mort_fish_pred_L1,2.0202602041685718,4.018131724860022,3.5993415207084865
species.Chinook-Spring.mort_fish_pred_L9,0.14938641034655065,0.17274011036716547,0.14319812539751695
